Size,schoolMult,dacMult,karatsubaMult
1,0.000267,0.000367,0.000167
2,0.000233,0.000233,0.000233
4,0.000400,0.000367,0.000333
8,0.000900,0.000800,0.000767
16,0.002600,0.002600,0.002433
32,0.009333,0.009167,0.015433
64,0.034833,0.037000,0.046633
128,0.149233,0.143900,0.154167
256,0.700467,0.585733,0.488233
500,2.808200,2.336233,1.400433
