Size,schoolMult,dacMult,karatsubaMult
1,0.001900,0.000833,0.000300
2,0.000400,0.000333,0.000300
4,0.000533,0.000500,0.000467
8,0.001467,0.001400,0.001267
16,0.002767,0.002600,0.002567
32,0.016367,0.016500,0.089967
64,0.035300,0.034767,0.055200
128,0.160000,0.149533,0.157333
256,0.688900,0.627367,0.551267
500,2.867967,2.390033,1.568133
